species_code,plant_coefficient
PU,0.173758
SA,0.227572
LL,0.110751
WP,0.098090
LP,0.245669